Workbook

Sheet Synthèse
A1: PLANIFICATION SAV / PROD — DÉPARTEMENT 41 (LOIR-ET-CHER)
A2: 11 techniciens · 8 créneaux par technicien et par jour · objectif 436 créneaux ouverts par semaine
A3: Volumes PROD : suivi_volumes_PROD_72.xlsx (MAJ 28/07/2026) — 12 secteurs du 41, mois le plus chargé secteur par secteur, B2B inclus, majoré de 10 %.
A4: Volume SAV : Planning_HEBDO_SAV_Departement_41.xlsx — 142 interventions par semaine, relevées secteur par secteur.
A6: 1 · PARAMÈTRES (cellules jaunes = à ajuster)
A7: Paramètre | B7: Valeur | C7: Unité | D7: Commentaire
A8: Créneaux par technicien et par jour | B8: 8 | C8: créneaux | D8: Un créneau est un créneau, quelle que soit la nature de l'intervention
A9: dont le matin | B9: 4 | C9: créneaux
A10: dont l'après-midi | B10: 4 | C10: créneaux
A11: Objectif d'occupation | B11: 0.75 | C11: % | D11: On n'occupe jamais plus de 75 % des créneaux : le quart restant EST la disponibilité
A12: Marge de flexibilité sur les volumes PROD | B12: 0.1 | C12: % | D12: Demande client
A13: Nombre de techniciens | B13: 11 | C13: tech. | D13: Effectif actuel
A14: dont travaillant 6 jours | B14: 5 | C14: tech. | D14: Ils portent le rythme Mardi-Jeudi-Samedi
A15: dont travaillant 5 jours | B15: =$B$13-$B$14 | C15: tech.
A16: Jours-technicien par semaine | B16: =$B$14*6+$B$15*5 | C16: j-tech
A17: Capacité totale | B17: =$B$16*$B$8 | C17: créneaux/sem. | D17: jours-technicien × créneaux par jour
A19: 2 · BILAN HEBDOMADAIRE
A20: Poste | B20: Interventions / sem. | C20: Créneaux / sem. | D20: Lecture
A21: Demande PROD (+10 %) | B21: ='Demande 41'!$H$17 | C21: ='Demande 41'!$H$17/$B$11 | D21: Volumes du fichier source, mois le plus chargé par secteur, B2B inclus
A22: Demande SAV | B22: ='Demande 41'!$I$17 | C22: ='Demande 41'!$I$17/$B$11 | D22: Relevée sur votre planning hebdomadaire SAV
A23: TOTAL à couvrir | B23: =$B$21+$B$22 | C23: =$C$21+$C$22 | D23: Créneaux à ouvrir pour ne pas dépasser 75 % d'occupation
A24: Créneaux ouverts par la grille | C24: ='Grille hebdo'!$R$17 | D24: Voir l'onglet « Grille hebdo »
A25: Réserve | C25: =$C$24-$C$23 | D25: En jours-technicien : voir le verdict ci-dessous
A26: VERDICT | B26: =IF($C$24>=$C$23,"TENABLE À "&TEXT($B$13,"0")&" TECHNICIENS — réserve de "&TEXT($C$24-$C$23,"0")&" créneaux, soit "&TEXT(($C$24-$C$23)/$B$8,"0.0")&" jours-technicien","INSUFFISANT — il manque "&TEXT($C$23-$C$24,"0")&" créneaux")
A28: 3 · PRINCIPE : LE SAV COMMANDE, LA PROD SUIT
A29: • Le SAV impose OÙ et QUAND il faut être. Chaque secteur est visité 3 fois par semaine sur un rythme Lundi-Mercredi-Vendredi ou Mardi-Jeudi-Samedi. Sur une semaine de 6 jours, ce sont les DEUX SEULES combinaisons de 3 jours qui garantissent un créneau à J+1 ou J+2 quel que soit le jour d'appel — et elles sont exactement complémentaires.
A30: • Deux passages par semaine ne suffisent jamais, quelle que soit la combinaison choisie. C'est démontré : aucune paire de jours ne tient le J+1/J+2.
A31: • La PROD se place ensuite dans tout ce qui reste. Elle dispose de 5 à 7 jours de visibilité, donc elle peut attendre : c'est elle qui absorbe les contraintes, jamais le SAV.
A32: • À J-1 18 h, tout créneau SAV non vendu pour le lendemain est rempli par une intervention PROD du même secteur, puisée dans le carnet J+5/J+7. Aucun créneau n'est perdu.
A33: • Les 5 techniciens à 6 jours portent obligatoirement les secteurs du rythme Mardi-Jeudi-Samedi : sans leur samedi, aucun créneau n'existe à J+1/J+2 pour un appel du jeudi ou du vendredi.

Sheet Grille hebdo
A1: GRILLE HEBDOMADAIRE — 11 TECHNICIENS · 8 CRÉNEAUX PAR JOUR
A2: Chaque case est coupée en deux : matin (4 créneaux) au-dessus, après-midi (4 créneaux) en dessous. « SAV n » = créneaux réservés, ouverts à la prise de RDV J+1/J+2. « PROD n » = interventions posées depuis le carnet J+5/J+7.
A3: La tournée est figée : technicien × jour × secteur ne change jamais. Seul le partage SAV / PROD à l'intérieur de la journée évolue.
A5: Tech. | B5: Rôle | C5: Jours | D5: Lundi matin | E5: Lundi après-midi | F5: Mardi matin | G5: Mardi après-midi | H5: Mercredi matin | I5: Mercredi après-midi | J5: Jeudi matin | K5: Jeudi après-midi | L5: Vendredi matin | M5: Vendredi après-midi | N5: Samedi matin | O5: Samedi après-midi | P5: SAV /sem. | Q5: PROD /sem. | R5: Total /sem.
A6: T1 | B6: 100 % SAV — Blois (L-Me-V) · Valencisse (Ma-J-S) | C6: 6 | D6: Blois SAV 4 | E6: Blois SAV 4 | F6: Valencisse SAV 3 · PROD 1 | G6: Valencisse PROD 4 | H6: Blois SAV 4 | I6: Blois SAV 4 | J6: Valencisse SAV 3 · PROD 1 | K6: Valencisse PROD 4 | L6: Blois SAV 4 | M6: Blois SAV 4 | N6: Valencisse SAV 3 · PROD 1 | O6: Valencisse PROD 4 | P6: 33 | Q6: 15 | R6: 48
A7: T2 | B7: Nord — Vendôme+Épiais (L-Me-V) · Montoire+Cormenon (Ma-J-S) | C7: 6 | D7: Vendôme SAV 4 | E7: Épiais SAV 4 | F7: Montoire SAV 4 | G7: Cormenon SAV 3 · PROD 1 | H7: Vendôme SAV 4 | I7: Épiais SAV 4 | J7: Montoire SAV 4 | K7: Cormenon SAV 3 · PROD 1 | L7: Vendôme SAV 4 | M7: Épiais SAV 3 · PROD 1 | N7: Montoire SAV 3 · PROD 1 | O7: Cormenon SAV 3 · PROD 1 | P7: 43 | Q7: 5 | R7: 48
A8: T3 | B8: Sologne Sud — Mur (L-Me-V) · Romorantin+La Ferté (Ma-J-S) | C8: 6 | D8: Mur-de-Sologne SAV 4 | E8: Mur-de-Sologne SAV 1 · PROD 3 | F8: Romorantin SAV 3 · PROD 1 | G8: La Ferté-Imb. SAV 2 · PROD 2 | H8: Mur-de-Sologne SAV 4 | I8: Mur-de-Sologne SAV 1 · PROD 3 | J8: Romorantin SAV 3 · PROD 1 | K8: La Ferté-Imb. SAV 2 · PROD 2 | L8: Mur-de-Sologne SAV 4 | M8: Mur-de-Sologne SAV 1 · PROD 3 | N8: Romorantin SAV 2 · PROD 2 | O8: La Ferté-Imb. SAV 1 · PROD 3 | P8: 28 | Q8: 20 | R8: 48
A9: T4 | B9: Sologne Est — Crouy (L-Me-V) · Vouzon (Ma-J-S) | C9: 6 | D9: Crouy-s-Cosson SAV 4 | E9: Crouy-s-Cosson PROD 4 | F9: Vouzon SAV 3 · PROD 1 | G9: Vouzon PROD 4 | H9: Crouy-s-Cosson SAV 4 | I9: Crouy-s-Cosson PROD 4 | J9: Vouzon SAV 3 · PROD 1 | K9: Vouzon PROD 4 | L9: Crouy-s-Cosson SAV 3 · PROD 1 | M9: Crouy-s-Cosson PROD 4 | N9: Vouzon SAV 3 · PROD 1 | O9: Vouzon PROD 4 | P9: 20 | Q9: 28 | R9: 48
A10: T5 | B10: Sud-Ouest — Pontlevoy (SAV L-Me-V · PROD Ma-J-S) | C10: 6 | D10: Pontlevoy SAV 4 | E10: Pontlevoy SAV 4 | F10: Pontlevoy PROD 4 | G10: Pontlevoy PROD 4 | H10: Pontlevoy SAV 4 | I10: Pontlevoy SAV 4 | J10: Pontlevoy PROD 4 | K10: Pontlevoy PROD 4 | L10: Pontlevoy SAV 4 | M10: Pontlevoy SAV 4 | N10: Pontlevoy PROD 4 | O10: Pontlevoy PROD 4 | P10: 24 | Q10: 24 | R10: 48
A11: T6 | B11: Blois — mixte SAV / PROD | C11: 5 | D11: Blois SAV 4 | E11: Blois PROD 4 | F11: Blois SAV 4 | G11: Blois PROD 4 | H11: Blois SAV 4 | I11: Blois PROD 4 | J11: Blois SAV 4 | K11: Blois PROD 4 | L11: Blois SAV 4 | M11: Blois PROD 4 | N11: repos | O11: repos | P11: 20 | Q11: 20 | R11: 40
A12: T7 | B12: Blois — PROD | C12: 5 | D12: Blois PROD 4 | E12: Blois PROD 4 | F12: Blois PROD 4 | G12: Blois PROD 4 | H12: Blois PROD 4 | I12: Blois PROD 4 | J12: Blois PROD 4 | K12: Blois PROD 4 | L12: Blois PROD 4 | M12: Blois PROD 4 | N12: repos | O12: repos | P12: 0 | Q12: 40 | R12: 40
A13: T8 | B13: Blois — PROD | C13: 5 | D13: Blois PROD 4 | E13: Blois PROD 4 | F13: Blois PROD 4 | G13: Blois PROD 4 | H13: Blois PROD 4 | I13: Blois PROD 4 | J13: Blois PROD 4 | K13: Blois PROD 4 | L13: Blois PROD 4 | M13: Blois PROD 4 | N13: repos | O13: repos | P13: 0 | Q13: 40 | R13: 40
A14: T9 | B14: Nord — PROD Vendômois / Beauce | C14: 5 | D14: Vendôme PROD 4 | E14: Épiais PROD 4 | F14: Montoire PROD 4 | G14: Cormenon PROD 4 | H14: Vendôme PROD 4 | I14: Épiais PROD 4 | J14: Épiais PROD 4 | K14: Épiais PROD 4 | L14: Montoire PROD 4 | M14: Montoire PROD 4 | N14: repos | O14: repos | P14: 0 | Q14: 40 | R14: 40
A15: T10 | B15: Sologne / Sud-Ouest — PROD | C15: 5 | D15: Romorantin PROD 4 | E15: Mur-de-Sologne PROD 4 | F15: Pontlevoy PROD 4 | G15: Pontlevoy PROD 4 | H15: Romorantin PROD 4 | I15: Mur-de-Sologne PROD 4 | J15: Pontlevoy PROD 4 | K15: Pontlevoy PROD 4 | L15: Romorantin PROD 4 | M15: La Ferté-Imb. PROD 4 | N15: repos | O15: repos | P15: 0 | Q15: 40 | R15: 40
A16: T11 | B16: Renfort flottant — réserve opérationnelle | C16: 5 | D16: Blois PROD 4 | E16: Blois PROD 4 | F16: Épiais PROD 4 | G16: Vendôme PROD 4 | H16: Blois PROD 4 | I16: Blois PROD 4 | J16: Montoire PROD 4 | K16: Montoire PROD 4 | L16: Crouy-s-Cosson PROD 4 | M16: Crouy-s-Cosson PROD 4 | N16: repos | O16: repos | P16: 0 | Q16: 40 | R16: 40
A17: TOTAL | C17: =SUM(C6:C16) | P17: =SUM(P6:P16) | Q17: =SUM(Q6:Q16) | R17: =SUM(R6:R16)
A19: Bleu = créneaux SAV réservés · Orange = PROD posée · Gris = demi-journée mixte · Colonne « Jours » sur fond orange = les 5 techniciens à 6 jours
A20: Enchaînements matin → après-midi sur deux secteurs différents : Montoire→Cormenon 30 km · Vendôme→Épiais 29 km · Romorantin→La Ferté-Imbault 22 km · Romorantin→Mur-de-Sologne 13 km. Aucun au-delà de 30 km.
A21: T11 est le renfort flottant : ses journées constituent la réserve pour les absences, les urgences et les pointes de volume. C'est le seul technicien réaffectable d'une semaine sur l'autre.

Sheet Contrôle secteurs
A1: CONTRÔLE PAR SECTEUR — DÉLAI SAV, COUVERTURE SAV ET PROD
A2: Les quatre colonnes de contrôle doivent toutes afficher OK. Elles vérifient le délai J+1/J+2, la couverture du SAV et celle de la PROD.
A4: Secteur | B4: Jours de passage SAV | C4: Passages /sem. | D4: Rythme | E4: Créneaux ouverts | F4: Cible | G4: SAV réservés | H4: SAV demandé | I4: PROD ouverte | J4: PROD demandée | K4: Délai J+1/J+2 | L4: SAV couvert | M4: PROD couverte
A5: Blois | B5: Lun · Mar · Mer · Jeu · Ven | C5: 5 | D5: Quotidien | E5: 160 | F5: 138 | G5: 44 | H5: 42 | I5: 116 | J5: 61.7 | K5: =IF($C5>=3,"OK","NON") | L5: =IF($G5>=$H5,"OK","NON") | M5: =IF($I5>=$J5,"OK","NON")
A6: Pontlevoy | B6: Lun · Mer · Ven | C6: 3 | D6: L-Me-V | E6: 64 | F6: 62 | G6: 24 | H6: 24 | I6: 40 | J6: 22.5 | K6: =IF($C6>=3,"OK","NON") | L6: =IF($G6>=$H6,"OK","NON") | M6: =IF($I6>=$J6,"OK","NON")
A7: Épiais | B7: Lun · Mer · Ven | C7: 3 | D7: L-Me-V | E7: 32 | F7: 32 | G7: 11 | H7: 11 | I7: 21 | J7: 12.9 | K7: =IF($C7>=3,"OK","NON") | L7: =IF($G7>=$H7,"OK","NON") | M7: =IF($I7>=$J7,"OK","NON")
A8: Mur-de-Sologne | B8: Lun · Mer · Ven | C8: 3 | D8: L-Me-V | E8: 32 | F8: 30 | G8: 15 | H8: 10 | I8: 17 | J8: 12.5 | K8: =IF($C8>=3,"OK","NON") | L8: =IF($G8>=$H8,"OK","NON") | M8: =IF($I8>=$J8,"OK","NON")
A9: Crouy-sur-Cosson | B9: Lun · Mer · Ven | C9: 3 | D9: L-Me-V | E9: 32 | F9: 28 | G9: 11 | H9: 8 | I9: 21 | J9: 13.3 | K9: =IF($C9>=3,"OK","NON") | L9: =IF($G9>=$H9,"OK","NON") | M9: =IF($I9>=$J9,"OK","NON")
A10: Montoire-sur-le-Loir | B10: Mar · Jeu · Sam | C10: 3 | D10: Ma-J-S | E10: 32 | F10: 27 | G10: 11 | H10: 8 | I10: 21 | J10: 12.3 | K10: =IF($C10>=3,"OK","NON") | L10: =IF($G10>=$H10,"OK","NON") | M10: =IF($I10>=$J10,"OK","NON")
A11: Vendôme | B11: Lun · Mer · Ven | C11: 3 | D11: L-Me-V | E11: 24 | F11: 25 | G11: 12 | H11: 9 | I11: 12 | J11: 9.8 | K11: =IF($C11>=3,"OK","NON") | L11: =IF($G11>=$H11,"OK","NON") | M11: =IF($I11>=$J11,"OK","NON")
A12: Romorantin-Lanthenay | B12: Mar · Jeu · Sam | C12: 3 | D12: Ma-J-S | E12: 24 | F12: 23 | G12: 8 | H12: 6 | I12: 16 | J12: 11.3 | K12: =IF($C12>=3,"OK","NON") | L12: =IF($G12>=$H12,"OK","NON") | M12: =IF($I12>=$J12,"OK","NON")
A13: Valencisse | B13: Mar · Jeu · Sam | C13: 3 | D13: Ma-J-S | E13: 24 | F13: 23 | G13: 9 | H13: 6 | I13: 15 | J13: 11.1 | K13: =IF($C13>=3,"OK","NON") | L13: =IF($G13>=$H13,"OK","NON") | M13: =IF($I13>=$J13,"OK","NON")
A14: Vouzon | B14: Mar · Jeu · Sam | C14: 3 | D14: Ma-J-S | E14: 24 | F14: 21 | G14: 9 | H14: 7 | I14: 15 | J14: 8.5 | K14: =IF($C14>=3,"OK","NON") | L14: =IF($G14>=$H14,"OK","NON") | M14: =IF($I14>=$J14,"OK","NON")
A15: Cormenon | B15: Mar · Jeu · Sam | C15: 3 | D15: Ma-J-S | E15: 16 | F15: 16 | G15: 9 | H15: 7 | I15: 7 | J15: 4.9 | K15: =IF($C15>=3,"OK","NON") | L15: =IF($G15>=$H15,"OK","NON") | M15: =IF($I15>=$J15,"OK","NON")
A16: La Ferté-Imbault | B16: Mar · Jeu · Sam | C16: 3 | D16: Ma-J-S | E16: 16 | F16: 11 | G16: 5 | H16: 4 | I16: 11 | J16: 4.5 | K16: =IF($C16>=3,"OK","NON") | L16: =IF($G16>=$H16,"OK","NON") | M16: =IF($I16>=$J16,"OK","NON")
A17: TOTAL | B17: 12 secteurs | E17: =SUM(E5:E16) | F17: =SUM(F5:F16) | G17: =SUM(G5:G16) | H17: =SUM(H5:H16) | I17: =SUM(I5:I16) | J17: =SUM(J5:J16)
A19: « Cible » = part des 436 créneaux revenant au secteur, au prorata de sa demande totale (SAV + PROD).
A20: Un secteur peut dépasser sa cible : l'excédent constitue sa réserve locale. Il ne doit jamais passer sous la demande SAV ni sous la demande PROD.

Sheet Demande 41
A1: DEMANDE PAR SECTEUR — DÉPARTEMENT 41
A2: Colonnes B à D : volumes bruts du fichier source. Colonne I (bleue) : volume SAV relevé sur votre planning hebdomadaire.
A4: Secteur | B4: PROD octobre (inter./mois) | C4: PROD mars (inter./mois) | D4: B2B (inter./mois) | E4: Mois retenu (max par secteur) | F4: PROD retenue +10 % (/mois) | G4: PROD +10 % (/sem.) | H4: PROD (/sem.) | I4: SAV (/sem.) | J4: Demande totale (/sem.) | K4: Créneaux cible (occupation 75 %)
A5: Blois | B5: 240 | C5: 218 | D5: 3 | E5: =MAX($B5,$C5) | F5: =($E5+$D5)*(1+Synthèse!$B$12) | G5: =$F5/4.3333 | H5: =$G5 | I5: 42 | J5: =$H5+$I5 | K5: =$J5/Synthèse!$B$11
A6: Pontlevoy | B6: 88 | C6: 84 | D6: 0.67 | E6: =MAX($B6,$C6) | F6: =($E6+$D6)*(1+Synthèse!$B$12) | G6: =$F6/4.3333 | H6: =$G6 | I6: 24 | J6: =$H6+$I6 | K6: =$J6/Synthèse!$B$11
A7: Épiais | B7: 48 | C7: 50 | D7: 0.67 | E7: =MAX($B7,$C7) | F7: =($E7+$D7)*(1+Synthèse!$B$12) | G7: =$F7/4.3333 | H7: =$G7 | I7: 11 | J7: =$H7+$I7 | K7: =$J7/Synthèse!$B$11
A8: Mur-de-Sologne | B8: 49 | C8: 36 | D8: 0.33 | E8: =MAX($B8,$C8) | F8: =($E8+$D8)*(1+Synthèse!$B$12) | G8: =$F8/4.3333 | H8: =$G8 | I8: 10 | J8: =$H8+$I8 | K8: =$J8/Synthèse!$B$11
A9: Crouy-sur-Cosson | B9: 52 | C9: 48 | D9: 0.33 | E9: =MAX($B9,$C9) | F9: =($E9+$D9)*(1+Synthèse!$B$12) | G9: =$F9/4.3333 | H9: =$G9 | I9: 8 | J9: =$H9+$I9 | K9: =$J9/Synthèse!$B$11
A10: Montoire-sur-le-Loir | B10: 37 | C10: 48 | D10: 0.33 | E10: =MAX($B10,$C10) | F10: =($E10+$D10)*(1+Synthèse!$B$12) | G10: =$F10/4.3333 | H10: =$G10 | I10: 8 | J10: =$H10+$I10 | K10: =$J10/Synthèse!$B$11
A11: Vendôme | B11: 38 | C11: 34 | D11: 0.67 | E11: =MAX($B11,$C11) | F11: =($E11+$D11)*(1+Synthèse!$B$12) | G11: =$F11/4.3333 | H11: =$G11 | I11: 9 | J11: =$H11+$I11 | K11: =$J11/Synthèse!$B$11
A12: Romorantin-Lanthenay | B12: 44 | C12: 31 | D12: 0.33 | E12: =MAX($B12,$C12) | F12: =($E12+$D12)*(1+Synthèse!$B$12) | G12: =$F12/4.3333 | H12: =$G12 | I12: 6 | J12: =$H12+$I12 | K12: =$J12/Synthèse!$B$11
A13: Valencisse | B13: 43 | C13: 42 | D13: 0.67 | E13: =MAX($B13,$C13) | F13: =($E13+$D13)*(1+Synthèse!$B$12) | G13: =$F13/4.3333 | H13: =$G13 | I13: 6 | J13: =$H13+$I13 | K13: =$J13/Synthèse!$B$11
A14: Vouzon | B14: 31 | C14: 33 | D14: 0.33 | E14: =MAX($B14,$C14) | F14: =($E14+$D14)*(1+Synthèse!$B$12) | G14: =$F14/4.3333 | H14: =$G14 | I14: 7 | J14: =$H14+$I14 | K14: =$J14/Synthèse!$B$11
A15: Cormenon | B15: 18 | C15: 19 | D15: 0.33 | E15: =MAX($B15,$C15) | F15: =($E15+$D15)*(1+Synthèse!$B$12) | G15: =$F15/4.3333 | H15: =$G15 | I15: 7 | J15: =$H15+$I15 | K15: =$J15/Synthèse!$B$11
A16: La Ferté-Imbault | B16: 17 | C16: 13 | D16: 0.67 | E16: =MAX($B16,$C16) | F16: =($E16+$D16)*(1+Synthèse!$B$12) | G16: =$F16/4.3333 | H16: =$G16 | I16: 4 | J16: =$H16+$I16 | K16: =$J16/Synthèse!$B$11
A17: TOTAL DÉPARTEMENT 41 | B17: =SUM(B5:B16) | C17: =SUM(C5:C16) | D17: =SUM(D5:D16) | E17: =SUM(E5:E16) | F17: =SUM(F5:F16) | G17: =SUM(G5:G16) | H17: =SUM(H5:H16) | I17: =SUM(I5:I16) | ... K17: =SUM(K5:K16)
A19: Le fichier source ne dimensionne que sur mars. Or sur le 41, octobre est le mois haut (705 interventions contre 656) : retenir le mois le plus chargé secteur par secteur ajoute environ 7 % au besoin.

Sheet Moteur dispo
A1: MOTEUR DE DISPONIBILITÉ — RÉSERVATION SAV ET BASCULE PROD
A2: Le mécanisme qui libère de la disponibilité sans embaucher : on réserve large pour le SAV, et tout créneau non vendu redevient de la PROD la veille au soir.
A4: RÈGLES D'EXPLOITATION
A5: N° | B5: Moment | C5: Règle | D5: Effet
A6: R1 | B6: Permanent | C6: La tournée est figée : technicien × jour × secteur ne change jamais. | D6: Distances maîtrisées, techniciens sur des secteurs qu'ils connaissent.
A7: R2 | B7: Permanent | C7: Chaque secteur est visité 3 fois par semaine, rythme Lundi-Mercredi-Vendredi ou Mardi-Jeudi-Samedi. | D7: Quel que soit le jour d'appel, il existe un passage à J+1 ou J+2.
A8: R3 | B8: Permanent | C8: Sur chaque demi-journée, un nombre fixe de créneaux est réservé au SAV. Le reste est ouvert à la PROD. | D8: L'occupation ne dépasse jamais 75 % : le quart restant est la disponibilité.
A9: R4 | B9: J-7 à J-5 | C9: La PROD se pose uniquement sur les créneaux non réservés au SAV, dans le carnet J+5 à J+7. | D9: Le client PROD obtient bien un RDV à J+5/J+6/J+7.
A10: R5 | B10: J-2, 18 h | C10: Ouverture à la prise de RDV SAV des créneaux réservés du jour J. | D10: Le client SAV qui appelle voit de la dispo à J+1 et J+2.
A11: R6 | B11: J-1, 18 h | C11: BASCULE : tout créneau SAV encore libre pour le lendemain est réaffecté à une intervention PROD du même secteur. | D11: Aucun créneau perdu. C'est ce qui rend la réservation SAV quasi gratuite.
A12: R7 | B12: J-1, 18 h | C12: La bascule suppose au moins 2 interventions PROD en attente dans le secteur. | D12: Sur Cormenon et La Ferté-Imbault, maintenir un stock PROD tampon.
A13: R8 | B13: Jour J | C13: Un SAV urgent arrivé après la bascule prend la place d'une PROD du jour, qui repart en J+5. | D13: La PROD absorbe l'aléa, jamais le SAV — c'est elle qui a le délai le plus long.
A14: R9 | B14: Hebdo | C14: Si l'occupation SAV d'un secteur dépasse 75 % quatre semaines de suite, augmenter sa réservation. | D14: Le curseur de réservation suit la demande réelle.
A15: R10 | B15: Hebdo | C15: Le renfort flottant (T11) est affecté le vendredi pour la semaine suivante, au secteur au carnet le plus tendu. | D15: La réserve va là où elle sert, pas là où elle dort.
A17: TABLEAU DE BORD QUOTIDIEN — À REMPLIR CHAQUE SOIR AVANT LA BASCULE
A18: Colonne D (jaune) : nombre de RDV SAV réellement pris pour le lendemain. Le reste se calcule.
A19: Secteur visité demain | B19: Créneaux du jour | C19: dont réservés SAV | D19: RDV SAV pris (à saisir) | E19: Créneaux SAV libres | F19: PROD à injecter | G19: Occupation SAV | H19: Alerte
A20: Blois | B20: 8 | C20: 4 | D20: 0 | E20: =MAX(0,$C20-$D20) | F20: =$E20 | G20: =IFERROR($D20/$C20,0) | H20: =IF($D20>$C20,"Débordement SAV : basculer une PROD du jour",IF($D20/$C20>0.75,"Occupation SAV > 75 % : augmenter la réservation","Injecter "&TEXT($F20,"0")&" PROD du carnet J+5/J+7"))
A21: Pontlevoy | B21: 8 | C21: 4 | D21: 0 | E21: =MAX(0,$C21-$D21) | F21: =$E21 | G21: =IFERROR($D21/$C21,0) | H21: =IF($D21>$C21,"Débordement SAV : basculer une PROD du jour",IF($D21/$C21>0.75,"Occupation SAV > 75 % : augmenter la réservation","Injecter "&TEXT($F21,"0")&" PROD du carnet J+5/J+7"))
A22: Vendôme | B22: 8 | C22: 4 | D22: 0 | E22: =MAX(0,$C22-$D22) | F22: =$E22 | G22: =IFERROR($D22/$C22,0) | H22: =IF($D22>$C22,"Débordement SAV : basculer une PROD du jour",IF($D22/$C22>0.75,"Occupation SAV > 75 % : augmenter la réservation","Injecter "&TEXT($F22,"0")&" PROD du carnet J+5/J+7"))
A23: Épiais | B23: 8 | C23: 4 | D23: 0 | E23: =MAX(0,$C23-$D23) | F23: =$E23 | G23: =IFERROR($D23/$C23,0) | H23: =IF($D23>$C23,"Débordement SAV : basculer une PROD du jour",IF($D23/$C23>0.75,"Occupation SAV > 75 % : augmenter la réservation","Injecter "&TEXT($F23,"0")&" PROD du carnet J+5/J+7"))
A24: Mur-de-Sologne | B24: 8 | C24: 4 | D24: 0 | E24: =MAX(0,$C24-$D24) | F24: =$E24 | G24: =IFERROR($D24/$C24,0) | H24: =IF($D24>$C24,"Débordement SAV : basculer une PROD du jour",IF($D24/$C24>0.75,"Occupation SAV > 75 % : augmenter la réservation","Injecter "&TEXT($F24,"0")&" PROD du carnet J+5/J+7"))
A25: Crouy-sur-Cosson | B25: 8 | C25: 4 | D25: 0 | E25: =MAX(0,$C25-$D25) | F25: =$E25 | G25: =IFERROR($D25/$C25,0) | H25: =IF($D25>$C25,"Débordement SAV : basculer une PROD du jour",IF($D25/$C25>0.75,"Occupation SAV > 75 % : augmenter la réservation","Injecter "&TEXT($F25,"0")&" PROD du carnet J+5/J+7"))
A26: Valencisse | B26: 8 | C26: 3 | D26: 0 | E26: =MAX(0,$C26-$D26) | F26: =$E26 | G26: =IFERROR($D26/$C26,0) | H26: =IF($D26>$C26,"Débordement SAV : basculer une PROD du jour",IF($D26/$C26>0.75,"Occupation SAV > 75 % : augmenter la réservation","Injecter "&TEXT($F26,"0")&" PROD du carnet J+5/J+7"))
A27: Montoire-sur-le-Loir | B27: 8 | C27: 4 | D27: 0 | E27: =MAX(0,$C27-$D27) | F27: =$E27 | G27: =IFERROR($D27/$C27,0) | H27: =IF($D27>$C27,"Débordement SAV : basculer une PROD du jour",IF($D27/$C27>0.75,"Occupation SAV > 75 % : augmenter la réservation","Injecter "&TEXT($F27,"0")&" PROD du carnet J+5/J+7"))
A28: Cormenon | B28: 8 | C28: 3 | D28: 0 | E28: =MAX(0,$C28-$D28) | F28: =$E28 | G28: =IFERROR($D28/$C28,0) | H28: =IF($D28>$C28,"Débordement SAV : basculer une PROD du jour",IF($D28/$C28>0.75,"Occupation SAV > 75 % : augmenter la réservation","Injecter "&TEXT($F28,"0")&" PROD du carnet J+5/J+7"))
A29: Romorantin-Lanthenay | B29: 8 | C29: 3 | D29: 0 | E29: =MAX(0,$C29-$D29) | F29: =$E29 | G29: =IFERROR($D29/$C29,0) | H29: =IF($D29>$C29,"Débordement SAV : basculer une PROD du jour",IF($D29/$C29>0.75,"Occupation SAV > 75 % : augmenter la réservation","Injecter "&TEXT($F29,"0")&" PROD du carnet J+5/J+7"))
A30: La Ferté-Imbault | B30: 8 | C30: 2 | D30: 0 | E30: =MAX(0,$C30-$D30) | F30: =$E30 | G30: =IFERROR($D30/$C30,0) | H30: =IF($D30>$C30,"Débordement SAV : basculer une PROD du jour",IF($D30/$C30>0.75,"Occupation SAV > 75 % : augmenter la réservation","Injecter "&TEXT($F30,"0")&" PROD du carnet J+5/J+7"))
A31: Vouzon | B31: 8 | C31: 3 | D31: 0 | E31: =MAX(0,$C31-$D31) | F31: =$E31 | G31: =IFERROR($D31/$C31,0) | H31: =IF($D31>$C31,"Débordement SAV : basculer une PROD du jour",IF($D31/$C31>0.75,"Occupation SAV > 75 % : augmenter la réservation","Injecter "&TEXT($F31,"0")&" PROD du carnet J+5/J+7"))
A32: TOTAL JOUR | B32: =SUM(B20:B31) | C32: =SUM(C20:C31) | D32: =SUM(D20:D31) | E32: =SUM(E20:E31) | F32: =SUM(F20:F31) | G32: =IFERROR($D32/$C32,0)

Sheet Distances
A1: COHÉRENCE GÉOGRAPHIQUE — DISTANCES ROUTIÈRES ESTIMÉES (km)
A2: Estimation : vol d'oiseau × 1,25, majorée de 8 km entre les deux rives de la Loire (ponts de Blois, Chaumont, Muides, Beaugency). À recaler avec votre outil de tournées.
B4: Blois | C4: Valencisse | D4: Pontlevoy | E4: Vendôme | F4: Épiais | G4: Montoire-sur-le-Loir | H4: Cormenon | I4: Crouy-sur-Cosson | J4: Vouzon | K4: Mur-de-Sologne | L4: Romorantin-Lanthenay | M4: La Ferté-Imbault
A5: Blois | B5: — | C5: 11 | D5: 28 | E5: 38 | F5: 24 | G5: 50 | H5: 61 | I5: 29 | J5: 65 | K5: 38 | L5: 50 | M5: 66
A6: Valencisse | B6: 11 | C6: — | D6: 35 | E6: 32 | F6: 28 | G6: 40 | H6: 55 | I6: 47 | J6: 84 | K6: 55 | L6: 67 | M6: 84
A7: Pontlevoy | B7: 28 | C7: 35 | D7: — | E7: 66 | F7: 60 | G7: 70 | H7: 90 | I7: 52 | J7: 81 | K7: 34 | L7: 46 | M7: 68
A8: Vendôme | B8: 38 | C8: 32 | D8: 66 | E8: — | F8: 29 | G8: 20 | H8: 24 | I8: 61 | J8: 99 | K8: 85 | L8: 96 | M8: 110
A9: Épiais | B9: 24 | C9: 28 | D9: 60 | E9: 29 | F9: — | G9: 48 | H9: 46 | I9: 33 | J9: 70 | K9: 65 | L9: 74 | M9: 84
A10: Montoire-sur-le-Loir | B10: 50 | C10: 40 | D10: 70 | E10: 20 | F10: 48 | G10: — | H10: 30 | I10: 78 | J10: 117 | K10: 95 | L10: 107 | M10: 123
A11: Cormenon | B11: 61 | C11: 55 | D11: 90 | E11: 24 | F11: 46 | G11: 30 | H11: — | I11: 78 | J11: 113 | K11: 107 | L11: 118 | M11: 129
A12: Crouy-sur-Cosson | B12: 29 | C12: 47 | D12: 52 | E12: 61 | F12: 33 | G12: 78 | H12: 78 | I12: — | J12: 38 | K12: 41 | L12: 47 | M12: 52
A13: Vouzon | B13: 65 | C13: 84 | D13: 81 | E13: 99 | F13: 70 | G13: 117 | H13: 113 | I13: 38 | J13: — | K13: 54 | L13: 49 | M13: 37
A14: Mur-de-Sologne | B14: 38 | C14: 55 | D14: 34 | E14: 85 | F14: 65 | G14: 95 | H14: 107 | I14: 41 | J14: 54 | K14: — | L14: 13 | M14: 34
A15: Romorantin-Lanthenay | B15: 50 | C15: 67 | D15: 46 | E15: 96 | F15: 74 | G15: 107 | H15: 118 | I15: 47 | J15: 49 | K15: 13 | L15: — | M15: 22
A16: La Ferté-Imbault | B16: 66 | C16: 84 | D16: 68 | E16: 110 | F16: 84 | G16: 123 | H16: 129 | I16: 52 | J16: 37 | K16: 34 | L16: 22 | M16: —
A18: Vert ≤ 30 km : enchaînement de deux demi-journées acceptable · Orange 31-50 km : à éviter dans la même journée · Rouge > 50 km : incohérent
A20: ENCHAÎNEMENTS RETENUS DANS LA GRILLE
A21: Matin | B21: Après-midi | C21: Distance | D21: Techniciens concernés
A22: Montoire-sur-le-Loir | B22: Cormenon | C22: 30 km | D22: T2 mardi, jeudi, samedi · T9 mardi
A23: Vendôme | B23: Épiais | C23: 29 km | D23: T2 lundi, mercredi, vendredi · T9 lundi, mercredi
A24: Épiais | B24: Vendôme | C24: 29 km | D24: T11 mardi
A25: Romorantin-Lanthenay | B25: La Ferté-Imbault | C25: 22 km | D25: T3 mardi, jeudi, samedi · T10 vendredi
A26: Romorantin-Lanthenay | B26: Mur-de-Sologne | C26: 13 km | D26: T10 lundi, mercredi

Sheet Effectif
A1: AFFECTATION DES 11 TECHNICIENS
A2: 5 techniciens à 6 jours + 6 techniciens à 5 jours = 60 jours-technicien par semaine = 480 créneaux.
A4: Tech. | B4: Rôle | C4: Jours /sem. | D4: Base conseillée | E4: Secteurs couverts | F4: SAV /sem. | G4: PROD /sem.
A5: T1 | B5: 100 % SAV — Blois (L-Me-V) · Valencisse (Ma-J-S) | C5: 6 | D5: Blois | E5: Blois · Valencisse | F5: 33 | G5: 15
A6: T2 | B6: Nord — Vendôme+Épiais (L-Me-V) · Montoire+Cormenon (Ma-J-S) | C6: 6 | D6: Vendôme | E6: Vendôme · Épiais · Montoire-sur-le-Loir · Cormenon | F6: 43 | G6: 5
A7: T3 | B7: Sologne Sud — Mur (L-Me-V) · Romorantin+La Ferté (Ma-J-S) | C7: 6 | D7: Romorantin-Lanthenay | E7: Mur-de-Sologne · Romorantin-Lanthenay · La Ferté-Imbault | F7: 28 | G7: 20
A8: T4 | B8: Sologne Est — Crouy (L-Me-V) · Vouzon (Ma-J-S) | C8: 6 | D8: Crouy-sur-Cosson ou Lamotte-Beuvron | E8: Crouy-sur-Cosson · Vouzon | F8: 20 | G8: 28
A9: T5 | B9: Sud-Ouest — Pontlevoy (SAV L-Me-V · PROD Ma-J-S) | C9: 6 | D9: Pontlevoy ou Montrichard | E9: Pontlevoy | F9: 24 | G9: 24
A10: T6 | B10: Blois — mixte SAV / PROD | C10: 5 | D10: Blois | E10: Blois | F10: 20 | G10: 20
A11: T7 | B11: Blois — PROD | C11: 5 | D11: Blois | E11: Blois | F11: 0 | G11: 40
A12: T8 | B12: Blois — PROD | C12: 5 | D12: Blois | E12: Blois | F12: 0 | G12: 40
A13: T9 | B13: Nord — PROD Vendômois / Beauce | C13: 5 | D13: Vendôme | E13: Épiais · Montoire-sur-le-Loir · Vendôme · Cormenon | F13: 0 | G13: 40
A14: T10 | B14: Sologne / Sud-Ouest — PROD | C14: 5 | D14: Romorantin-Lanthenay | E14: Pontlevoy · Romorantin-Lanthenay · Mur-de-Sologne · La Ferté-Imbault | F14: 0 | G14: 40
A15: T11 | B15: Renfort flottant — réserve opérationnelle | C15: 5 | D15: Blois | E15: Blois · Montoire-sur-le-Loir · Crouy-sur-Cosson · Épiais · Vendôme | F15: 0 | G15: 40
A16: TOTAL | B16: =COUNTA(A5:A15)&" techniciens" | C16: =SUM(C5:C15) | E16: 12 secteurs GRDV couverts | F16: =SUM(F5:F15) | G16: =SUM(G5:G15)
A18: Fond orange = les 5 techniciens à 6 jours. Ils portent les secteurs du rythme Mardi-Jeudi-Samedi : sans leur samedi, aucun créneau SAV n'existe à J+1/J+2 pour un appel du jeudi ou du vendredi.
A19: T1 est le technicien 100 % SAV déjà en poste, maintenu sur Blois et Valencisse comme demandé (11 km entre les deux hubs).
A20: T11 est le renfort flottant : réserve pour les absences, les urgences et les pointes. Il est réaffecté chaque vendredi pour la semaine suivante.
